directory,information,electrons,magnetization,kpnts,kpnt_1,kpnt_2,kpnt_3,energy_cutoff_eV,final_free_energy_eV,final_energy_without_entropy_eV,pressure_GPa,a_A,b_A,c_A,alpha,beta,gamma,volume,eps0_xx,eps0_yy,eps0_zz,eps0_xy,eps0_xz,eps0_yz,epsinf_xx,epsinf_yy,epsinf_zz,epsinf_xy,epsinf_xz,epsinf_yz, c11_gpa, c22_gpa, c33_gpa, c44_gpa, c55_gpa, c66_gpa, c12_gpa,  c13_gpa, c23_gpa,f1,f2,f3,f4,f5,f6....
../Leucine/LEUCINE_DIELECTRC_PBED_6311Gdp.out,Read from program,288,0.0,80,6,6,6,0.0,-48039.94606302788,-48039.94606302788,0,9.56916439,5.22874925,14.410556050035964,90.0,94.44237499998924,90.0,718.8625714981305,0,0,0,0.0,0.0,0.0,2.3471,2.3942,2.2621,0.0,0.0786,0.0,0,0,0,0,0,0,0,0,0
../Leucine/LEUCINE_FREQUENCY_PBED3_631Gdp_FULLOPTIMIZATON.out,Read from program,288,0.0,80,6,6,6,0.0,-48027.87243646738,-48027.87243646738,0,9.55717738,5.18927208,14.342820409985068,90.0,94.36390500001653,90.0,709.2669950973527,1.0613617488274911,1.1470549640759526,0.5757978876472148,-1.5583174069128965e-14,-0.0037171775810997676,1.0608156872781182e-14,0,0,0,0.0,0.0,0.0,0,0,0,0,0,0,0,0,0,0.0,0.0,0.0,33.83,39.71,49.93,52.09,53.68,58.26,66.26,68.1,70.3,78.65,79.13,84.05,87.97,88.97,95.79,99.41,99.7,107.04,110.48,120.12,121.39,125.67,132.97,138.01,141.97,147.19,152.04,170.41,177.71,184.92,186.64,195.28,204.18,219.92,220.05,220.42,233.03,234.5,241.82,247.22,248.31,253.82,260.13,270.44,271.16,287.87,287.97,302.44,304.46,308.44,308.52,325.1,327.26,347.0,350.24,351.55,367.48,392.99,396.77,403.57,405.31,429.97,436.93,437.47,439.16,452.33,452.67,455.5,456.5,528.98,532.12,535.81,539.69,586.82,588.56,592.22,602.99,660.99,663.76,667.8,674.16,744.4,745.38,751.57,752.36,831.46,832.12,834.24,834.85,839.25,840.56,842.58,843.79,907.99,908.82,912.27,913.26,917.86,920.36,922.49,922.65,932.29,932.39,940.17,940.67,954.15,955.36,956.56,956.69,996.34,997.11,1008.94,1009.78,1032.95,1034.96,1044.4,1045.31,1079.39,1079.51,1093.56,1095.37,1118.22,1122.21,1126.12,1128.18,1161.51,1162.35,1166.08,1167.25,1168.0,1172.07,1172.82,1173.37,1176.11,1178.13,1194.05,1197.5,1227.54,1229.23,1229.76,1231.27,1278.64,1279.45,1286.6,1286.92,1302.13,1302.69,1316.51,1317.69,1328.9,1331.23,1339.68,1341.01,1342.53,1342.96,1345.71,1345.92,1347.31,1347.54,1353.57,1354.21,1359.73,1363.95,1368.73,1370.86,1378.03,1378.47,1382.26,1382.26,1409.15,1409.81,1417.39,1420.7,1431.28,1433.07,1440.68,1441.1,1442.1,1446.16,1447.73,1449.47,1454.09,1455.62,1456.62,1457.68,1462.68,1464.23,1466.08,1468.82,1469.81,1473.75,1473.76,1480.96,1509.74,1517.93,1519.03,1521.11,1575.03,1593.5,1603.63,1620.66,1628.97,1639.08,1642.99,1658.15,1660.55,1663.52,1681.57,1681.64,2635.13,2673.52,2915.72,2936.72,2966.92,2971.51,2971.81,2979.11,2979.12,2979.68,2979.87,2980.48,2981.04,2982.03,2982.51,2983.35,2983.36,2989.45,2990.75,2991.27,2993.51,2993.6,2997.59,2997.73,3038.18,3038.37,3040.99,3041.01,3042.56,3043.05,3054.48,3054.82,3056.51,3056.61,3056.79,3057.55,3061.0,3061.59,3063.3,3063.66,3072.33,3073.06,3076.96,3076.98,3078.32,3079.23,3079.68,3081.18,3088.14,3088.35,3171.31,3187.76
../Leucine/LEUCINE_FREQUENCY_PBED3_631Gdp_FULLOPTIMIZATON.out,Calculated frequencies (cm-1) eckart mass_definition=program,288,0.0,80,6,6,6,0.0,-48027.87243646738,-48027.87243646738,0,9.55717738,5.18927208,14.342820409985068,90.0,94.36390500001653,90.0,709.2669950973527,1.0613617488274911,1.1470549640759526,0.5757978876472148,-1.5583174069128965e-14,-0.0037171775810997676,1.0608156872781182e-14,0,0,0,0.0,0.0,0.0,0,0,0,0,0,0,0,0,0,-1.8674728894138603e-05,-1.682054230213116e-05,-1.638448664676835e-05,33.829999978281606,39.70999997018956,49.92999988274385,52.08999999874515,53.679999888618696,58.25999995192688,66.25999999968651,68.09999992216542,70.2999999788667,78.64999989791947,79.12999980949867,84.04999983957515,87.96999976844788,88.96999998144503,95.78999997917232,99.40999989731804,99.69999950294391,107.03999999157602,110.4799995232436,120.11999941687708,121.3899998905826,125.669999298143,132.9699999893055,138.00999794133514,141.96999988783534,147.18999851713463,152.03999982990746,170.40999934192533,177.70999962518897,184.91999941595859,186.6399987495755,195.27999992620155,204.17999874316467,219.91999886270816,220.0499996647332,220.4199985898034,233.0299943684444,234.4999982848438,241.81999943527205,247.21999727113388,248.30999792995215,253.8199999540745,260.12999292102035,270.43999977414614,271.1599999865481,287.8699952987677,287.9699998450863,302.43999915030764,304.4599952337179,308.439996015683,308.519990530996,325.09999262584705,327.25999834594046,346.9999984832575,350.2399994115859,351.5499970220975,367.4799998924643,392.9899971422576,396.76998778509585,403.5699996404137,405.30997316508274,429.96999453241307,436.9299999861075,437.4699816374576,439.1599917827757,452.32999856974357,452.66997895699666,455.49999831144106,456.49999505905265,528.9799517685378,532.1199993110947,535.8099982229841,539.6899882440371,586.8199891945077,588.5599881175438,592.2199950070413,602.9899659893138,660.9899977540003,663.7599839572885,667.7999990420044,674.1599934289289,744.3999721138184,745.3799807816624,751.5699926061677,752.359999662002,831.4599952160514,832.1199951425837,834.2399464898089,834.8499804779702,839.2499978245734,840.5599913130649,842.5799705121996,843.7899256083937,907.9899626562925,908.8199628443758,912.2699873195858,913.2599870315271,917.8599946011193,920.359984713014,922.4899961081815,922.6499864056966,932.2897943175087,932.3899994552917,940.1699975653587,940.6699763656673,954.1499994427415,955.3598789411909,956.5599677046418,956.689969400347,996.3398490616803,997.1099698912557,1008.9399993168861,1009.7799224709509,1032.9499930148916,1034.9598481549997,1044.399996995759,1045.3099952160162,1079.3899978639013,1079.5097923388962,1093.5599999998085,1095.3699966180122,1118.2199993411514,1122.2099215547719,1126.1199866213283,1128.1799129577157,1161.5099931076277,1162.349976133696,1166.0799916431017,1167.2499449722236,1167.999991580268,1172.0699749695589,1172.8199862979304,1173.3699577435664,1176.1099871209044,1178.1299914621197,1194.0499633763156,1197.4999295646019,1227.5399261355003,1229.2299480175427,1229.7599955562878,1231.269999830533,1278.639982419289,1279.4498626000845,1286.5999942602925,1286.9199886313859,1302.129990698773,1302.6899828771404,1316.5099683900594,1317.6899986114438,1328.8999966340634,1331.2297398815895,1339.6798440542607,1341.0099934099246,1342.5298826460912,1342.9598720318795,1345.7098516760957,1345.919994988543,1347.309980075254,1347.5399698613385,1353.569991258464,1354.2099890723084,1359.7299616221546,1363.9499449029584,1368.7299795435438,1370.8599848440144,1378.0299706744938,1378.469992040911,1382.2599276640194,1382.2599469249265,1409.1499941342047,1409.8099879557974,1417.3899174425003,1420.6999714734861,1431.2799776786226,1433.0699893293577,1440.6799516690119,1441.0998040480795,1442.0999419599107,1446.1599166649607,1447.7299616919556,1449.469888066423,1454.0899909682291,1455.6199920887168,1456.6199097932777,1457.6799292312085,1462.6799879161745,1464.2297247136119,1466.0799974522022,1468.819945836741,1469.8099422250211,1473.7499497262613,1473.7599942565218,1480.9598990350482,1509.7399812175036,1517.929948479555,1519.0299816990282,1521.1099548593331,1575.029983922639,1593.4999244702628,1603.6299704928192,1620.6599078917702,1628.9696444349859,1639.079958053357,1642.9899879622496,1658.1499784524974,1660.549892558062,1663.5197214255609,1681.56998741337,1681.6399847446548,2635.1299956926105,2673.519441562607,2915.7199571661417,2936.7199974503446,2966.918780628711,2971.5099938171898,2971.80972841017,2979.1087214261206,2979.119907737021,2979.679562351802,2979.8699992231027,2980.479758332205,2981.0399568046037,2982.0292877160855,2982.50999114613,2983.3497685735347,2983.3599800785823,2989.449836078871,2990.7498854324044,2991.2697078886563,2993.509263534322,2993.5997959181154,2997.589338560157,2997.7297862956952,3038.1799598377693,3038.369618954059,3040.989425285939,3041.0099211010447,3042.5599996380515,3043.049864031653,3054.479746936718,3054.819940432432,3056.509800675143,3056.6099949821737,3056.7898364921602,3057.5499763856174,3060.9998534394194,3061.5895057258954,3063.299680049371,3063.6598555741007,3072.3299633516567,3073.059955562873,3076.9599007354145,3076.9792890495582,3078.31993942073,3079.229618058168,3079.679698998389,3081.179536383826,3088.139794839579,3088.3491896549585,3171.3098923959874,3187.7594798046453
../Leucine/LEUCINE_FREQUENCY_PBED3_631Gdp_FULLOPTIMIZATON.out,Calculated Intensities (Debye2/Angs2/amu),288,0.0,80,6,6,6,0.0,-48027.87243646738,-48027.87243646738,0,9.55717738,5.18927208,14.342820409985068,90.0,94.36390500001653,90.0,709.2669950973527,1.0613617488274911,1.1470549640759526,0.5757978876472148,-1.5583174069128965e-14,-0.0037171775810997676,1.0608156872781182e-14,0,0,0,0.0,0.0,0.0,0,0,0,0,0,0,0,0,0,0.0,0.0,0.0,0.010472908298401864,0.0013148104649155139,0.004438048844826514,0.00014516001422852754,0.033109898340596265,0.00770935184974657,0.008408962511733432,0.0015442869675579632,0.014763712246859455,0.15195230158035805,0.04166084140296723,0.030321528844434616,0.051132663924391634,0.03964537540477055,0.024277464893659305,0.03386870678895975,0.16103101152098412,0.04114234486263678,0.1344265652095883,0.04003850247530438,0.02752766849563877,0.06602621664781431,1.4748094476632705,0.13490442040356213,0.8158432036254559,0.4650926514140397,0.0006584687507512526,0.010053967473807551,0.06437077685622485,0.004744139444905102,0.04756352467611647,1.808648200610561,0.64331547457271,0.006894481382673569,0.8328510183225881,4.762203276567068,4.3233950097490945,0.03382583882723327,0.7008629508700525,0.557813333554139,0.5976150538565839,0.36031816927291943,0.5001964682996489,0.04423071250915035,0.05503736820246168,0.005113933542301079,0.02653065720695685,0.0854509790657586,0.43201490329453557,0.15591032898975477,0.0767319614971954,0.46801373183796535,0.9827728864258224,0.03833006808013633,0.35804982172641564,1.7384438447527655,4.279165338798333,1.0075449404151458,1.3401045505629186,0.9923076492627207,3.181489575033014,0.046104613233192177,0.6372920949701804,1.2000349156321488,2.26259652074583,0.0587195278207472,0.017377655185273077,0.37723532457417713,0.5525900836660873,0.7813484663009864,1.0177087126149178,1.682831681327689,3.814730812442677,0.016643990941549332,0.012539433634611259,0.3186641242355607,1.0475931232266171,0.059099884261063634,1.6353535855600474,0.061344419950684834,1.44365621293109,0.9909873727606662,0.04574287382799131,0.17122892188869887,0.03137282733311089,0.1396228752220665,1.8541793617248772,0.08635312005553103,0.4488934499213942,0.02915227491705859,0.4678808538905604,0.020178922083400084,1.0876929671996927,0.012095644873038679,0.4309560098332542,0.09384869413002746,0.043155400835161145,9.724363997743956e-05,0.016558529248640607,0.6139600009963595,0.947383678170004,0.12777793655406364,0.8919792006760161,0.00031234785258717044,0.03134782430066929,0.23275961018192348,0.08332194549343672,0.020269084252062097,0.14032919532711596,0.603582200106952,0.7553391176419245,0.0008424990821160639,0.6049579864549716,0.7108870741759978,0.22403885350633324,0.34694619908300733,0.13617187322723456,0.19355632457190283,1.319096437597566,0.05560408169357988,0.11073449812912552,1.342398104159213e-05,0.8545529073519149,0.15302248561026194,0.8312532527663326,3.554143855383833,1.2278603786600675,0.0036094747334230203,0.732676404338774,0.01547336160679108,0.40670551848193565,0.4245700891287794,0.07517128935789356,0.97794517086161,1.0932789252764818,0.027109508841192325,1.293111192594348,1.2253893170205032,0.022192429273192666,0.25026294316541403,0.4559084981339993,3.06346476256867,1.0854459680723059,1.4125262370820806,0.5245986964987007,0.7796313219948424,1.606619835581841,0.9905145443845906,0.002280868922247467,0.8713639978004954,0.4245872673652919,3.6827674526567282,0.3279690736719121,2.1188954213909894,0.8200232006839647,0.3134943539581575,0.4480665372315701,0.5514677384704479,2.264998844844794,0.4959504556962439,0.9614190535316196,0.0962506473077131,0.9331266470192083,3.006426613894661,1.5488161094157125,0.21265695481475824,0.4216601876153481,0.6100737913416817,0.1169698244291371,3.2063908661903375,12.625175043451998,4.830168384081781,1.1418327563628063,0.11051892073594975,1.772412944776087,0.4173008098767537,0.4025344352809549,2.2825386690111786,0.44811421006138613,0.36142983021564684,0.05508489314519777,1.1605749765407691,0.000999183549529661,0.09688563868801083,0.6289778435979655,0.14122506097680954,0.3479940126183227,0.2827171726228268,0.1641585998040664,0.035247660951292274,0.4728520394766294,0.35820081070896836,0.4777571689399702,1.9862703170899654,19.847156594316584,5.173612072366159,2.7805619716296377,38.86523835645581,13.405523775717322,16.83622889276143,5.620060400406723,1.2035055567351838,9.566271004837864,6.542279774919292,0.3812439155863098,0.13629161954948343,4.375301865197023,0.10169297438297191,0.9163855865907031,9.401279755877042,134.40258858940737,15.597823786184092,40.07107960228718,0.6185153205478857,7.913866194464157,0.22145022432837666,0.010152883057324959,0.42972088643696954,1.4950645704109369,0.8015046137232212,2.5682485778314,0.4253287892474348,5.53361624962497,0.21468115060441648,0.9201643102015642,1.7560609856564824,16.116710748619205,0.32778687204025747,25.505330690531046,37.43682948156901,50.544409596577395,1.4495774083516924,1.781110667211523,5.093389497123915,5.943783756663571,0.023097422425691502,2.132769985735853,0.47696860361494203,1.5079451051746982,6.2991093728467025,0.3297256789752333,10.00894836158392,4.306043950231597,1.7837773155436525,0.5720871266153925,2.633497063498458,0.5823188064417929,2.6386153373612005,1.071870318549037,1.409374007625088,0.9893790601173893,4.463247747358931,1.7030878133834597,0.0012325953076949888,11.503163961006269,0.6685589118081753,2.2684522816118515,0.9795293501704208,0.0025169744035311746,13.675055642486761,45.359918698003725
../Leucine/LEUCINE_FREQUENCY_PBED3_631Gdp_FULLOPTIMIZATON.out,Calculated Integrated Molar Absorption (L/mole/cm/cm),288,0.0,80,6,6,6,0.0,-48027.87243646738,-48027.87243646738,0,9.55717738,5.18927208,14.342820409985068,90.0,94.36390500001653,90.0,709.2669950973527,1.0613617488274911,1.1470549640759526,0.5757978876472148,-1.5583174069128965e-14,-0.0037171775810997676,1.0608156872781182e-14,0,0,0,0.0,0.0,0.0,0,0,0,0,0,0,0,0,0,0.0,0.0,0.0,44.25432130572692,5.555863100546996,18.75341919869892,0.613388156124066,139.9091864280236,32.57663717628911,35.532911989580796,6.525539010112929,62.38554247032932,642.089645557961,176.04205143237834,128.12665228504292,216.0661846789093,167.52549831039843,102.58685565464677,143.11560740742834,680.4526422830705,173.85109245155797,568.0328939496363,169.1866960596462,116.3209159951712,279.0003810670042,6231.954802045916,570.0521188572922,3447.427041239727,1965.2955078151665,2.7824255531744932,42.48404495732119,272.0051546836637,20.046835638391002,200.98442987139777,7642.623836499987,2718.3938693544437,29.133320530625436,3519.295263023929,20123.166165461807,18268.937953195775,142.9344645483569,2961.566485196494,2357.09602226637,2525.282171576381,1522.5604560796485,2113.6301964469967,186.90129877866573,232.56590307632212,21.609437576347442,112.10794509371688,361.0816571402696,1825.5221753613896,658.8146861791078,324.2385765025489,1977.6388252545066,4152.805108880955,161.9675356794241,1512.9753266871421,7345.968310387287,18082.04105562624,4257.48190021824,5662.745788858669,4193.095202724553,13443.702348259505,194.81965367817688,2692.941476505994,5070.867539495209,9560.82785806358,248.12523675934938,73.43101975088992,1594.045587520643,2335.0246575394185,3301.6660792014486,4300.429936025597,7110.973552618283,16119.526521057778,70.33084812261086,52.98663076641334,1346.5471233697854,4426.709501506393,249.7324709335505,6910.350111142537,259.21698094361386,6100.313693361614,4187.516242337471,193.2910876475601,723.544932332886,132.56901917879338,589.9904215383643,7835.0203109046415,364.8937441066519,1896.8441619878433,123.18585288952279,1977.0773361999522,85.2680531556154,4596.155402199021,51.111356975512244,1821.0477151513992,396.5670419158441,182.35746176905695,0.41091272508866866,69.96972119305576,2594.349380210217,4003.264470475169,539.9384487028514,3769.147310376574,1.3198570858923475,132.46336636490818,983.549008784736,352.0852128770662,85.6490424155136,592.9750477742613,2550.4969447719363,3191.7609755077165,3.56006412138964,2556.310467564128,3003.9244206380968,946.6985793763617,1466.0558588451559,575.4078675090025,817.8916051110327,5573.9739067122755,234.96060760439116,467.9196952944328,0.05672437428935171,3610.998765306252,646.6118151947229,3512.543744889415,15018.390275309926,5188.446816065982,15.252196433552315,3095.9974141739235,65.3842368056564,1718.5748388972675,1794.0633686225704,317.64380031071505,4132.40511399282,4619.759426648302,114.5539405593423,5464.1706554266775,5178.005098001839,93.77632913680294,1057.5110926397736,1926.4869497150275,12944.976700710175,4586.660482686336,5968.77086741404,2216.74425192491,3294.4101142214063,6788.932777234628,4185.518258751526,9.638039717848898,3682.035709105774,1794.1359569787776,15561.902147946272,1385.8661177080319,8953.604492629765,3465.0900368101616,1324.7017420855905,1893.3499597257228,2330.282075680725,9570.979118776162,2095.6882455900486,4062.572352603212,406.7167352634725,3943.019959644367,12703.956299673282,6544.677351947035,898.6032282652425,1781.7672887874153,2577.9278126934105,494.2676901077618,13548.925244173892,53348.93966361077,20410.359523775976,4824.928495286675,467.0087514618293,7489.508139445834,1763.3463022152107,1700.9495097232032,9645.095399773638,1893.5514060353935,1527.2578905592375,232.76672447434774,4904.1256208706745,4.2221500068925355,409.39995484005857,2657.8087759075634,596.7606176636065,1470.4834997199846,1194.6496846350171,693.6685793320631,148.94251611578065,1998.0835780124453,1513.613345731817,2018.8106930727383,8393.18385189536,83866.14490494416,21861.61517299044,11749.542667318197,164228.9511990397,56646.381266671124,71143.1688092527,23748.127227958652,5085.533080540193,40423.23475804288,27645.057416898962,1610.984289701511,575.9138675682973,18488.27556157654,429.71383255268614,3872.2789346976756,39726.04773643403,567931.5783433998,65910.16419089951,169324.35396742471,2613.5983385071463,33440.83299132775,935.7600679219885,42.90202264703235,1815.8285777280587,6317.544848728456,3386.837895748844,10852.391190484366,1797.2693318439606,23382.848824415276,907.1566699940223,3888.24630918773,7420.411300990033,68102.77293936531,1385.0962064933121,107775.325365908,158193.06665731804,213580.45719129746,6125.334296730912,7526.261235369012,21522.626659046815,25116.052642157585,97.60046820200202,9012.232851725421,2015.4785314352991,6371.9728364262055,26617.516565901027,1393.288829077746,42293.81219670902,18195.61931609864,7537.529424561259,2417.411362226003,11128.105191519084,2460.64634850044,11149.73296955349,4529.295218060811,5955.450806620573,4180.72015643204,18859.899681239902,7196.567864233148,5.208454732195945,48607.76963362809,2825.062537736626,9585.571961179041,4139.09922208013,10.635727039561333,57785.31512289206,191672.87245028454
../Na2SO42/Na2SO42.out,Read from program,118,0.0,106,7,6,5,0.0,-46650.226363568145,-46650.226363568145,0,4.780000000001909,5.575,6.090999999997766,101.87099999999496,103.33700000002806,97.41799999999334,151.88042797010908,3.30468633936608,3.111181990465946,2.6135732901917943,-0.8262406370337598,-0.27946742948004566,0.5296445417968528,2.4903,2.3894,2.6999,-0.0596,-0.2539,0.1297,0,0,0,0,0,0,0,0,0,-2.8660980312291846,-2.3844475164501917,-2.0900349594319114,89.25810848048698,98.0258231478748,118.10089967496668,119.73122136151449,123.14061598725291,145.86533649221326,147.6326126754422,170.5237916186916,170.83771009849116,199.6622121770547,213.2692240342279,233.6902968169842,244.82462663315974,250.6930650231945,308.51047517342795,320.6546291985125,343.3816141265653,386.93031217031944,439.5693750070498,440.8299280465565,448.18536119186626,461.30778223027215,481.2888712153845,528.7782542278438,618.7733634800591,710.5895222869079,787.2417834692168,914.0543456196028,945.0479500663647,1111.1155904259035,1117.988326731931,1129.1798217456908,1155.609622000812
../Na2SO42/Na2SO42.out,Calculated frequencies (cm-1) eckart mass_definition=program,118,0.0,106,7,6,5,0.0,-46650.226363568145,-46650.226363568145,0,4.780000000001909,5.575,6.090999999997766,101.87099999999496,103.33700000002806,97.41799999999334,151.88042797010908,3.30468633936608,3.111181990465946,2.6135732901917943,-0.8262406370337598,-0.27946742948004566,0.5296445417968528,2.4903,2.3894,2.6999,-0.0596,-0.2539,0.1297,0,0,0,0,0,0,0,0,0,-9.507310615945924e-06,9.709898105229979e-06,1.819926537001076e-05,89.24219435073293,98.02582314787533,118.09817090998642,119.73122136151494,123.14061598725337,145.8648498778517,147.63261267544243,170.52177643240682,170.83771009849147,199.66221217705476,213.26914403002579,233.6902968169843,244.82431875215215,250.69306502319463,308.51047517342823,320.65327251087535,343.3816141265654,386.92956814112927,439.5689268864485,440.82986048528704,448.18536119186587,461.3077822302719,481.2887782164544,528.778254227844,618.7722590029217,710.5895222869076,787.2417834692169,914.0505323239157,945.0479500663643,1111.1140505033352,1117.9883267319312,1129.1798124876625,1155.6096220008117
../Na2SO42/Na2SO42.out,Calculated Intensities (Debye2/Angs2/amu),118,0.0,106,7,6,5,0.0,-46650.226363568145,-46650.226363568145,0,4.780000000001909,5.575,6.090999999997766,101.87099999999496,103.33700000002806,97.41799999999334,151.88042797010908,3.30468633936608,3.111181990465946,2.6135732901917943,-0.8262406370337598,-0.27946742948004566,0.5296445417968528,2.4903,2.3894,2.6999,-0.0596,-0.2539,0.1297,0,0,0,0,0,0,0,0,0,0.0,0.0,0.0,0.4971824399707337,1.4509499335689963e-28,0.9954732890910859,3.4055315244485355e-27,1.2092056359473338e-27,4.023227063803872,1.5270345110999998e-26,0.3066931226800065,1.9225235669163812e-26,5.940806512647886e-28,3.2879684819876385,6.106729070527452e-28,3.3824303115866803,1.2883365715111662e-28,1.3252936482021433e-28,0.46988204711369547,1.0442849052204755e-29,0.25254329067845316,2.9708194681574773,9.325248557949159,4.1068321286728555e-28,8.591176290893539e-29,2.0083869745780913,1.3234991233934183e-29,20.45638339059157,1.0697394733750875e-28,1.5636589449026529e-30,8.354586810079494,1.9942262527282662e-28,26.433020619150568,5.595089083629516e-27,22.568183148212388,1.295538152820009e-28
../Na2SO42/Na2SO42.out,Calculated Integrated Molar Absorption (L/mole/cm/cm),118,0.0,106,7,6,5,0.0,-46650.226363568145,-46650.226363568145,0,4.780000000001909,5.575,6.090999999997766,101.87099999999496,103.33700000002806,97.41799999999334,151.88042797010908,3.30468633936608,3.111181990465946,2.6135732901917943,-0.8262406370337598,-0.27946742948004566,0.5296445417968528,2.4903,2.3894,2.6999,-0.0596,-0.2539,0.1297,0,0,0,0,0,0,0,0,0,0.0,0.0,0.0,2100.8941183403326,6.131134039289151e-25,4206.471930383293,1.4390414009709734e-23,5.109619335259054e-24,17000.548280809642,6.45263703010416e-23,1295.9624591966356,8.123815584361861e-23,2.510347199984491e-24,13893.639617486966,2.5804594360420803e-24,14292.797524640677,5.443995016577584e-25,5.600160839842977e-25,1985.5335782836316,4.4127302954996414e-26,1067.1469290908717,12553.494744646237,39404.77030646997,1.735382984292002e-24,3.630287453479974e-25,8486.639999777184,5.592577895811228e-26,86440.49365528375,4.52029111869377e-25,6.60739723758065e-27,35303.14202467191,8.426802453528562e-25,111695.37192828265,2.3642608431784886e-23,95364.11471108628,5.474426018556231e-25
../Quartz/quartz.log,Read from program,90,0.0,7,3,3,3,0.0,-35829.31426110125,-35829.31426110125,0,4.914578959996097,4.91457896,5.40485895,90.0,90.0,120.00000000002628,113.0544419196669,1.9375756858739683,1.9375756793934396,2.0659595758652896,4.46196016348355e-16,-1.7007657097200458e-10,-1.3556841324440708e-15,0,0,0,0.0,0.0,0.0,0,0,0,0,0,0,0,0,0,-1.7210764604689794,-1.7210764587055878,-1.3603494935333365,142.61650880688825,142.61650880689808,219.7527996761686,284.82525245225645,284.8252524522587,383.14014610039663,394.90234497455964,427.856946676576,427.85694667658413,491.51709170617943,491.51709170617943,501.29241452525787,544.1803596629152,739.2134885841383,739.2134885841429,824.1103623505624,847.1030889880237,847.1030889880263,1124.5418238011512,1124.5418238011544,1131.5058417781074,1139.4185188200286,1233.4004167534079,1233.4004167534083
../Quartz/quartz.log,Calculated frequencies (cm-1) eckart mass_definition=program,90,0.0,7,3,3,3,0.0,-35829.31426110125,-35829.31426110125,0,4.914578959996097,4.91457896,5.40485895,90.0,90.0,120.00000000002628,113.0544419196669,1.9375756858739683,1.9375756793934396,2.0659595758652896,4.46196016348355e-16,-1.7007657097200458e-10,-1.3556841324440708e-15,0,0,0,0.0,0.0,0.0,0,0,0,0,0,0,0,0,0,-1.229166248780465e-05,-1.2122592099534806e-05,1.2406857872105868e-05,142.61185420207642,142.6118542020872,219.75279967616893,284.82506770882577,284.8250677088285,383.1401461003969,394.90187546917366,427.85674912602013,427.856749126029,491.5167222501722,491.5167222501726,501.29241452525787,544.1802106798219,739.213373443441,739.2133734434453,824.1097928291446,847.1029824927514,847.102982492754,1124.5415459257554,1124.5415459257586,1131.5056743621628,1139.4185188200286,1233.40040809745,1233.4004080974507
../Quartz/quartz.log,Calculated Intensities (Debye2/Angs2/amu),90,0.0,7,3,3,3,0.0,-35829.31426110125,-35829.31426110125,0,4.914578959996097,4.91457896,5.40485895,90.0,90.0,120.00000000002628,113.0544419196669,1.9375756858739683,1.9375756793934396,2.0659595758652896,4.46196016348355e-16,-1.7007657097200458e-10,-1.3556841324440708e-15,0,0,0,0.0,0.0,0.0,0,0,0,0,0,0,0,0,0,0.0,0.0,0.0,0.0005126957131713738,0.0005126961218579949,1.2512307895199603e-18,0.22087782437415965,0.2208778249927842,8.91027321863195e-18,5.266589568078168,2.8877328984042445,2.887732917966443,10.4438850067194,10.443884940792351,5.698975729483415e-18,10.797307943857634,0.5903246268338677,0.5903246256413047,3.2753775494751,4.967653219855003,4.967653224643113,41.16701145984939,41.1670114076943,44.111140095223845,8.338476063774192e-18,0.6003643779669585,0.6003643779917592
../Quartz/quartz.log,Calculated Integrated Molar Absorption (L/mole/cm/cm),90,0.0,7,3,3,3,0.0,-35829.31426110125,-35829.31426110125,0,4.914578959996097,4.91457896,5.40485895,90.0,90.0,120.00000000002628,113.0544419196669,1.9375756858739683,1.9375756793934396,2.0659595758652896,4.46196016348355e-16,-1.7007657097200458e-10,-1.3556841324440708e-15,0,0,0,0.0,0.0,0.0,0,0,0,0,0,0,0,0,0,0.0,0.0,0.0,2.1664470055769574,2.1664487325231434,5.287200824195544e-15,933.341334675449,933.3413372895089,3.765125051265117e-14,22254.50087887111,12202.404135496976,12202.404218159003,44131.6804843935,44131.68020581216,2.408159184250512e-14,45625.10444756482,2494.475743149191,2494.4757381098975,13840.435373061982,20991.315445819302,20991.315466051943,173955.3236247396,173955.32340435302,186396.0335863779,3.523506445508423e-14,2536.8997155371803,2536.899715641978
